product_id,department_id
1,1
2,1
3,1
4,1
5,1
6,1
7,1
8,1
9,1
10,1
11,1
12,1
13,1
14,1
15,1
16,1
17,1
18,1
19,1
20,1
21,1
22,1
23,1
24,1
25,1
26,1
27,1
28,1
29,1
30,1
31,1
32,1
33,1
34,1
35,1
36,1
37,1
38,1
39,1
40,1
41,1
42,1
43,1
44,1
45,1
46,1
47,1
48,1
49,1
50,1
51,1
52,1
53,1
54,1
55,1
56,1
57,1
58,1
59,1
60,1
61,1
62,1
63,1
64,1
65,1
66,1
67,1
68,1
69,1
70,1
71,1
72,1
73,1
74,1
75,1
76,1
77,1
78,1
79,1
80,1
81,1
82,1
83,1
84,1
85,1
86,1
87,1
88,1
89,1
90,1
91,1
92,1
93,1
94,1
95,1
96,1
97,1
98,1
99,1
100,1
101,1
102,1
103,1
104,1
105,1
106,1
107,1
108,1
109,1
110,1
111,1
112,1
113,1
114,1
115,1
116,1
117,1
118,1
119,1
120,1
121,1
122,1
123,1
124,1
125,1
126,1
127,1
128,1
129,1
130,1
131,1
132,1
133,1
134,1
135,1
136,1
137,1
138,1
139,1
140,1
141,1
142,1
143,1
144,1
145,1
146,1
147,1
148,1
149,1
150,1
151,1
152,1
153,1
154,1
155,1
156,1
157,1
158,1
159,1
160,1
161,1
162,1
163,1
164,1
165,1
166,1
167,1
168,1
169,1
170,1
171,1
172,1
173,1
174,1
175,1
176,1
177,1
178,1
179,1
180,1
181,1
182,1
183,1
184,1
185,1
186,1
187,1
188,1
189,1
190,1
191,1
192,1
193,1
194,1
195,1
196,1
197,1
198,1
199,1
200,1
201,1
202,1
203,1
204,1
205,1
206,1
207,1
208,1
209,1
210,1
211,1
212,1
213,1
214,1
215,1
216,1
217,1
218,1
219,1
220,1
221,1
222,1
223,1
224,1
225,1
226,1
227,1
228,1
229,1
230,1
231,1
232,1
233,1
234,1
235,1
236,1
237,1
238,1
239,1
240,1
241,1
242,1
243,1
244,1
245,1
246,1
247,1
248,1
249,1
250,1
251,1
252,1
253,1
254,1
255,1
256,1
257,1
258,1
259,1
260,1
261,1
262,1
263,1
264,1
265,1
266,1
267,1
268,1
269,1
270,1
271,1
272,1
273,1
274,1
275,1
276,1
277,1
278,1
279,1
280,1
281,1
282,1
283,1
284,1
285,1
286,1
287,1
288,1
289,1
290,1
291,1
292,1
293,1
294,1
295,1
296,1
297,1
298,1
299,1
300,1
301,1
302,1
303,1
304,1
305,1
306,1
307,1
308,1
309,1
310,1
311,1
312,1
313,1
314,1
315,1
316,1
317,1
318,1
319,1
320,1
321,1
322,1
323,1
324,1
325,1
326,1
327,1
328,1
329,1
330,1
331,1
332,1
333,1
334,1
335,1
336,1
337,1
338,1
339,1
340,1
341,1
342,1
343,1
344,1
345,1
346,1
347,1
348,1
349,1
350,1
351,1
352,1
353,1
354,1
355,1
356,1
357,1
358,1
359,1
360,1
361,1
362,1
363,1
364,1
365,1
366,1
367,1
368,1
369,1
370,1
371,1
372,1
373,1
374,1
375,1
376,1
377,1
378,1
379,1
380,1
381,1
382,1
383,1
384,1
385,1
386,1
387,1
388,1
389,1
390,1
391,1
392,1
393,1
394,1
395,1
396,1
397,1
398,1
399,1
400,1
401,1
402,1
403,1
404,1
405,1
406,1
407,1
408,1
409,1
410,1
411,1
412,1
413,1
414,1
415,1
416,1
417,1
418,1
419,1
420,1
421,1
422,1
423,1
424,1
425,1
426,1
427,1
428,1
429,1
430,1
431,1
432,1
433,1
434,1
435,1
436,1
437,1
438,1
439,1
440,1
441,1
442,1
443,1
444,1
445,1
446,1
447,1
448,1
449,1
450,1
451,1
452,1
453,1
454,1
455,1
456,1
457,1
458,1
459,1
460,1
461,1
462,1
463,1
464,1
465,1
466,1
467,1
468,1
469,1
470,1
471,1
472,1
473,1
474,1
475,1
476,1
477,1
478,1
479,1
480,1
481,1
482,1
483,1
484,1
485,1
486,1
487,1
488,1
489,1
490,1
491,1
492,1
493,1
494,1
495,1
496,1
497,1
498,1
499,1
500,1
501,1
502,1
503,1
504,1
505,1
506,1
507,1
508,1
509,1
510,1
511,1
512,1
513,1
514,1
515,1
516,1
517,1
518,1
519,1
520,1
521,1
522,1
523,1
524,1
525,1
526,1
527,1
528,1
529,1
530,1
531,1
532,1
533,1
534,1
535,1
536,1
537,1
538,1
539,1
540,1
541,1
542,1
543,1
544,1
545,1
546,1
547,1
548,1
549,1
550,1
551,1
552,1
553,1
554,1
555,1
556,1
557,1
558,1
559,1
560,1
561,1
562,1
563,1
564,1
565,1
566,1
567,1
568,1
569,1
570,1
571,1
572,1
573,1
574,1
575,1
576,1
577,1
578,1
579,1
580,1
581,1
582,1
583,1
584,1
585,1
586,1
587,1
588,1
589,1
590,1
591,1
592,1
593,1
594,1
595,1
596,1
597,1
598,1
599,1
600,1
601,1
602,1
603,1
604,1
605,1
606,1
607,1
608,1
609,1
610,1
611,1
612,1
613,1
614,1
615,1
616,1
617,1
618,1
619,1
620,1
621,1
622,1
623,1
624,1
625,1
626,1
627,1
628,1
629,1
630,1
631,1
632,1
633,1
634,1
635,1
636,1
637,1
638,1
639,1
640,1
641,1
642,1
643,1
644,1
645,1
646,1
647,1
648,1
649,1
650,1
651,1
652,1
653,2
654,2
655,2
656,2
657,2
658,2
659,2
660,2
661,2
662,2
663,2
664,2
665,2
666,2
667,2
668,2
669,2
670,2
671,2
672,2
673,2
674,2
675,2
676,2
677,2
678,2
679,2
680,2
681,2
682,2
683,2
684,2
685,2
686,2
687,2
688,2
689,2
690,2
691,2
692,2
693,2
694,2
695,2
696,2
697,2
698,2
699,2
700,2
701,2
702,2
703,2
704,2
705,2
706,2
707,2
708,2
709,2
710,2
711,2
712,2
713,2
714,2
715,2
716,2
717,2
718,2
719,2
720,2
721,2
722,2
723,2
724,2
725,2
726,2
727,2
728,2
729,2
730,2
731,2
732,2
733,2
734,2
735,2
736,2
737,2
738,2
739,2
740,2
741,2
742,2
743,2
744,2
745,2
746,2
747,2
748,2
749,2
750,2
751,2
752,2
753,2
754,2
755,2
756,2
757,2
758,2
759,2
760,2
761,2
762,2
763,2
764,2
765,2
766,2
767,2
768,2
769,2
770,2
771,2
772,2
773,2
774,2
775,2
776,2
777,2
778,2
779,2
780,2
781,2
782,2
783,2
784,2
785,2
786,2
787,2
788,2
789,2
790,2
791,2
792,2
793,2
794,2
795,2
796,2
797,2
798,2
799,2
800,2
801,2
802,2
803,2
804,2
805,2
806,2
807,2
808,2
809,2
810,2
811,2
812,2
813,2
814,2
815,2
816,2
817,2
818,2
819,2
820,2
821,2
822,2
823,2
824,2
825,2
826,2
827,2
828,2
829,2
830,2
831,2
832,2
833,2
834,2
835,2
836,2
837,2
838,2
839,2
840,2
841,2
842,2
843,2
844,2
845,2
846,2
847,2
848,2
849,2
850,2
851,2
852,2
853,2
854,2
855,2
856,2
857,2
858,2
859,2
860,2
861,2
862,2
863,2
864,2
865,2
866,2
867,2
868,2
869,2
870,2
871,2
872,2
873,2
874,2
875,2
876,2
877,2
878,2
879,2
880,2
881,2
882,2
883,2
884,2
885,2
886,2
887,2
888,2
889,2
890,2
891,2
892,2
893,2
894,2
895,2
896,2
897,2
898,2
899,2
900,2
901,2
902,2
903,2
904,2
905,2
906,2
907,2
908,2
909,2
910,2
911,2
912,2
913,2
914,2
915,2
916,2
917,2
918,2
919,2
920,2
921,2
922,2
923,2
924,2
925,2
926,2
927,2
928,2
929,2
930,2
931,2
932,2
933,2
934,2
935,2
936,2
937,2
938,2
939,2
940,2
941,2
942,2
943,2
944,2
945,2
946,2
947,2
948,2
949,2
950,2
951,2
952,2
953,2
954,2
955,2
956,2
957,2
958,2
959,2
960,2
961,2
962,2
963,2
964,2
965,2
966,2
967,2
968,2
969,2
970,2
971,2
972,2
973,2
974,2
975,2
976,2
977,2
978,2
979,2
980,2
981,2
982,2
983,2
984,2
985,2
986,2
987,2
988,2
989,2
990,2
991,2
992,2
993,2
994,2
995,2
996,2
997,2
998,2
999,2
1000,2
1001,2
1002,2
1003,2
1004,2
1005,2
1006,2
1007,2
1008,2
1009,2
1010,2
1011,2
1012,2
1013,2
1014,2
1015,2
1016,2
1017,2
1018,2
1019,2
1020,2
1021,2
1022,2
1023,2
1024,2
1025,2
1026,2
1027,2
1028,2
1029,2
1030,3
1031,3
1032,3
1033,3
1034,3
1035,3
1036,3
1037,3
1038,3
1039,3
1040,3
1041,3
1042,3
1043,3
1044,3
1045,3
1046,3
1047,3
1048,3
1049,3
1050,3
1051,3
1052,3
1053,3
1054,3
1055,3
1056,3
1057,3
1058,3
1059,3
1060,3
1061,3
1062,3
1063,3
1064,3
1065,3
1066,3
1067,3
1068,3
1069,3
1070,3
1071,3
1072,3
1073,3
1074,3
1075,3
1076,3
1077,3
1078,3
1079,3
1080,3
1081,3
1082,3
1083,3
1084,3
1085,3
1086,3
1087,3
1088,3
1089,3
1090,3
1091,3
1092,3
1093,3
1094,3
1095,3
1096,3
1097,3
1098,3
1099,3
1100,3
1101,3
1102,3
1103,3
1104,3
1105,3
1106,3
1107,3
1108,3
1109,3
1110,3
1111,3
1112,3
1113,3
1114,3
1115,3
1116,3
1117,3
1118,3
1119,3
1120,3
1121,3
1122,3
1123,3
1124,3
1125,3
1126,3
1127,3
1128,3
1129,3
1130,3
1131,3
1132,3
1133,3
1134,3
1135,3
1136,3
1137,3
1138,3
1139,3
1140,3
1141,3
1142,3
1143,3
1144,3
1145,3
1146,3
1147,3
1148,3
1149,3
1150,3
1151,3
1152,3
1153,3
1154,3
1155,3
1156,3
1157,3
1158,3
1159,3
1160,3
1161,3
1162,3
1163,3
1164,3
1165,3
1166,3
1167,3
1168,3
1169,3
1170,3
1171,3
1172,3
1173,3
1174,3
1175,3
1176,3
1177,3
1178,3
1179,3
1180,3
1181,3
1182,3
1183,3
1184,3
1185,3
1186,3
1187,3
1188,3
1189,3
1190,3
1191,3
1192,3
1193,3
1194,3
1195,3
1196,3
1197,3
1198,3
1199,3
1200,3
1201,3
1202,3
1203,3
1204,3
1205,3
1206,3
1207,3
1208,3
1209,3
1210,3
1211,3
1212,3
1213,3
1214,3
1215,3
1216,3
1217,3
1218,3
1219,3
1220,3
1221,3
1222,3
1223,3
1224,3
1225,3
1226,3
1227,3
1228,3
1229,3
1230,3
1231,3
1232,3
1233,3
1234,3
1235,3
1236,3
1237,3
1238,3
1239,3
1240,3
1241,3
1242,3
1243,3
1244,3
1245,3
1246,3
1247,3
1248,3
1249,3
1250,3
1251,3
1252,3
1253,3
1254,3
1255,3
1256,3
1257,3
1258,3
1259,3
1260,3
1261,3
1262,3
1263,3
1264,3
1265,3
1266,3
1267,3
1268,3
1269,3
1270,3
1271,3
1272,3
1273,3
1274,3
1275,3
1276,3
1277,3
1278,3
1279,3
1280,3
1281,3
1282,3
1283,3
1284,3
1285,3
1286,3
1287,3
1288,3
1289,3
1290,3
1291,3
1292,3
1293,3
1294,3
1295,3
1296,3
1297,3
1298,3
1299,3
1300,3
1301,3
1302,3
1303,3
1304,3
1305,3
1306,3
1307,3
1308,3
1309,3
1310,3
1311,3
1312,3
1313,3
1314,3
1315,3
1316,3
1317,3
1318,3
1319,3
1320,3
1321,3
1322,3
1323,3
1324,3
1325,3
1326,3
1327,3
1328,3
1329,3
1330,3
1331,3
1332,3
1333,3
1334,3
1335,3
1336,3
1337,3
1338,3
1339,3
1340,3
1341,3
1342,3
1343,3
1344,3
1345,3
1346,3
1347,3
1348,3
1349,3
1350,3
1351,3
1352,3
1353,3
1354,3
1355,3
1356,3
1357,3
1358,3
1359,3
1360,3
1361,3
1362,3
1363,3
1364,3
1365,3
1366,3
1367,3
1368,3
1369,3
1370,3
1371,3
1372,3
1373,3
1374,3
1375,3
1376,3
1377,3
1378,3
1379,3
1380,3
1381,3
1382,3
1383,3
1384,3
1385,3
1386,3
1387,3
1388,3
1389,3
1390,3
1391,3
1392,3
1393,3
1394,3
1395,3
1396,3
1397,3
1398,3
1399,3
1400,3
1401,3
1402,3
1403,3
1404,3
1405,3
1406,3
1407,3
1408,3
1409,3
1410,3
1411,3
1412,3
1413,3
1414,3
1415,3
1416,3
1417,3
1418,3
1419,3
1420,3
1421,3
1422,3
1423,3
1424,3
1425,3
1426,3
1427,3
1428,3
1429,3
1430,3
1431,3
1432,3
1433,3
1434,3
1435,3
1436,3
1437,3
1438,3
1439,3
1440,3
1441,3
1442,3
1443,3
1444,3
1445,3
1446,3
1447,3
1448,3
1449,3
1450,3
1451,3
1452,3
1453,3
1454,3
1455,3
1456,3
1457,3
1458,3
1459,3
1460,3
1461,3
1462,3
1463,3
1464,3
1465,3
1466,3
1467,3
1468,3
1469,3
1470,3
1471,3
1472,3
1473,3
1474,3
1475,3
1476,3
1477,3
1478,3
1479,3
1480,3
1481,3
1482,3
1483,3
1484,3
1485,3
1486,3
1487,3
1488,3
1489,3
1490,3
1491,3
1492,3
1493,3
1494,3
1495,3
1496,3
1497,3
1498,3
1499,3
1500,3
1501,3
1502,3
1503,3
1504,3
1505,3
1506,3
1507,3
1508,3
1509,3
1510,3
1511,3
1512,3
1513,3
1514,3
1515,3
1516,3
1517,3
1518,3
1519,3
1520,3
1521,3
1522,3
1523,3
1524,3
1525,3
1526,3
1527,3
1528,3
1529,3
1530,3
1531,3
1532,3
1533,3
1534,3
1535,3
1536,3
1537,3
1538,3
1539,3
1540,3
1541,3
1542,3
1543,3
1544,3
1545,3
1546,3
1547,3
1548,3
1549,3
1550,3
1551,3
1552,3
1553,3
1554,3
1555,3
1556,3
1557,3
1558,3
1559,3
1560,3
1561,3
1562,3
1563,3
1564,3
1565,3
1566,3
1567,3
1568,3
1569,3
1570,3
1571,3
1572,3
1573,3
1574,3
1575,3
1576,3
1577,3
1578,3
1579,3
1580,3
1581,3
1582,3
1583,3
1584,3
1585,3
1586,3
1587,3
1588,3
1589,3
1590,3
1591,3
1592,3
1593,3
1594,3
1595,3
1596,3
1597,3
1598,3
1599,3
1600,3
1601,3
1602,3
1603,3
1604,3
1605,3
1606,3
1607,3
1608,3
1609,3
1610,3
1611,3
1612,3
1613,3
1614,3
1615,3
1616,3
1617,3
1618,3
1619,3
1620,3
1621,3
1622,3
1623,3
1624,3
1625,3
1626,3
1627,3
1628,3
1629,3
1630,3
1631,3
1632,3
1633,3
1634,3
1635,3
1636,3
1637,3
1638,3
1639,3
1640,3
1641,3
1642,3
1643,3
1644,3
1645,3
1646,3
1647,3
1648,3
1649,3
1650,3
1651,3
1652,3
1653,3
1654,3
1655,3
1656,3
1657,3
1658,3
1659,3
1660,3
1661,3
1662,3
1663,3
1664,3
1665,3
1666,3
1667,3
1668,3
1669,3
1670,3
1671,3
1672,3
1673,3
1674,3
1675,3
1676,3
1677,3
1678,3
1679,3
1680,3
1681,3
1682,3
1683,3
1684,3
1685,3
1686,3
1687,3
1688,3
1689,3
1690,3
1691,3
1692,3
1693,3
1694,3
1695,3
1696,3
1697,3
1698,3
1699,3
1700,3
1701,3
1702,3
1703,3
1704,3
1705,3
1706,3
1707,3
1708,3
1709,3
1710,3
1711,3
1712,3
1713,3
1714,3
1715,3
1716,3
1717,3
1718,3
1719,3
1720,3
1721,3
1722,3
1723,3
1724,3
1725,3
1726,3
1727,3
1728,3
1729,3
1730,3
1731,3
1732,3
1733,3
1734,3
1735,3
1736,3
1737,3
1738,3
1739,3
1740,3
1741,3
1742,3
1743,3
1744,3
1745,3
1746,3
1747,3
1748,3
1749,3
1750,3
1751,3
1752,3
1753,3
1754,3
1755,3
1756,3
1757,4
1758,4
1759,4
1760,4
1761,4
1762,4
1763,4
1764,4
1765,4
1766,4
1767,4
1768,4
1769,4
1770,4
1771,4
1772,4
1773,4
1774,4
1775,4
1776,4
1777,4
1778,4
1779,4
1780,4
1781,4
1782,4
1783,4
1784,4
1785,4
1786,4
1787,4
1788,4
1789,4
1790,4
1791,4
1792,4
1793,4
1794,4
1795,4
1796,4
1797,4
1798,4
1799,4
1800,4
1801,4
1802,4
1803,4
1804,4
1805,4
1806,4
1807,4
1808,4
1809,4
1810,4
1811,4
1812,4
1813,4
1814,4
1815,4
1816,4
1817,4
1818,4
1819,4
1820,4
1821,4
1822,4
1823,4
1824,4
1825,4
1826,4
1827,4
1828,4
1829,4
1830,4
1831,4
1832,4
1833,4
1834,4
1835,4
1836,4
1837,4
1838,4
1839,4
1840,4
1841,4
1842,4
1843,4
1844,4
1845,4
1846,4
1847,4
1848,4
1849,4
1850,4
1851,4
1852,4
1853,4
1854,4
1855,4
1856,4
1857,4
1858,4
1859,4
1860,4
1861,4
1862,4
1863,4
1864,4
1865,4
1866,4
1867,4
1868,4
1869,4
1870,4
1871,4
1872,4
1873,4
1874,4
1875,4
1876,4
1877,4
1878,4
1879,4
1880,4
1881,4
1882,4
1883,4
1884,4
1885,4
1886,4
1887,4
1888,4
1889,4
1890,4
1891,4
1892,4
1893,4
1894,4
1895,4
1896,4
1897,4
1898,4
1899,4
1900,4
1901,4
1902,4
1903,4
1904,4
1905,4
1906,4
1907,4
1908,4
1909,4
1910,4
1911,4
1912,4
1913,4
1914,4
1915,4
1916,4
1917,4
1918,4
1919,4
1920,4
1921,4
1922,4
1923,4
1924,4
1925,4
1926,4
1927,4
1928,4
1929,4
1930,4
1931,4
1932,4
1933,4
1934,4
1935,4
1936,4
1937,4
1938,4
1939,4
1940,4
1941,4
1942,4
1943,4
1944,4
1945,4
1946,4
1947,4
1948,4
1949,4
1950,4
1951,4
1952,4
1953,4
1954,4
1955,4
1956,4
1957,4
1958,4
1959,4
1960,4
1961,4
1962,4
1963,4
1964,4
1965,4
1966,4
1967,4
1968,4
1969,4
1970,4
1971,4
1972,4
1973,4
1974,4
1975,4
1976,4
1977,4
1978,4
1979,4
1980,4
1981,4
1982,4
1983,4
1984,4
1985,4
1986,4
1987,4
1988,4
1989,4
1990,4
1991,4
1992,4
1993,4
1994,4
1995,4
1996,4
1997,4
1998,4
1999,4
2000,4
2001,4
2002,4
2003,4
2004,4
2005,4
2006,4
2007,4
2008,4
2009,4
2010,4
2011,4
2012,4
2013,4
2014,4
2015,4
2016,4
2017,4
2018,4
2019,4
2020,4
2021,4
2022,4
2023,4
2024,4
2025,4
2026,4
2027,4
2028,4
2029,4
2030,4
2031,4
2032,4
2033,4
2034,4
2035,4
2036,4
2037,4
2038,4
2039,4
2040,4
2041,4
2042,4
2043,4
2044,4
2045,4
2046,4
2047,4
2048,4
2049,4
2050,4
2051,4
2052,4
2053,4
2054,4
2055,4
2056,4
2057,4
2058,4
2059,4
2060,4
2061,4
2062,4
2063,4
2064,4
2065,4
2066,4
2067,4
2068,4
2069,4
2070,4
2071,4
2072,4
2073,4
2074,4
2075,4
2076,4
2077,4
2078,4
2079,4
2080,4
2081,4
2082,4
2083,4
2084,4
2085,4
2086,4
2087,4
2088,4
2089,4
2090,4
2091,4
2092,4
2093,4
2094,4
2095,4
2096,4
2097,4
2098,4
2099,4
2100,4
2101,4
2102,4
2103,4
2104,4
2105,4
2106,4
2107,4
2108,4
2109,4
2110,4
2111,4
2112,4
2113,4
2114,4
2115,4
2116,4
2117,4
2118,4
2119,4
2120,4
2121,4
2122,4
2123,4
2124,4
2125,4
2126,4
2127,4
2128,4
2129,4
2130,4
2131,4
2132,4
2133,4
2134,4
2135,4
2136,4
2137,4
2138,4
2139,4
2140,4
2141,4
2142,4
2143,4
2144,4
2145,4
2146,4
2147,4
2148,4
2149,4
2150,4
2151,4
2152,4
2153,4
2154,4
2155,4
2156,4
2157,4
2158,4
2159,4
2160,4
2161,4
2162,4
2163,4
2164,4
2165,4
2166,4
2167,4
2168,4
2169,4
2170,4
2171,4
2172,4
2173,4
2174,4
2175,4
2176,4
2177,4
2178,4
2179,4
2180,4
2181,4
2182,4
2183,4
2184,4
2185,4
2186,4
2187,4
2188,4
2189,4
2190,4
2191,4
2192,4
2193,4
2194,4
2195,4
2196,4
2197,4
2198,4
2199,4
2200,4
2201,4
2202,4
2203,4
2204,4
2205,4
2206,4
2207,4
2208,4
2209,4
2210,4
2211,4
2212,4
2213,4
2214,4
2215,4
2216,4
2217,4
2218,4
2219,4
2220,4
2221,4
2222,4
2223,4
2224,4
2225,4
2226,4
2227,4
2228,4
2229,4
2230,4
2231,4
2232,4
2233,4
2234,4
2235,4
2236,4
2237,4
2238,4
2239,4
2240,4
2241,4
2242,4
2243,4
2244,4
2245,4
2246,4
2247,4
2248,4
2249,4
2250,4
2251,4
2252,4
2253,4
2254,4
2255,4
2256,4
2257,4
2258,4
2259,4
2260,4
2261,4
2262,4
2263,4
2264,4
2265,4
2266,4
2267,4
2268,4
2269,4
2270,4
2271,4
2272,4
2273,4
2274,4
2275,4
2276,4
2277,4
2278,4
2279,4
2280,4
2281,4
2282,4
2283,4
2284,4
2285,4
2286,4
2287,4
2288,4
2289,4
2290,4
2291,4
2292,4
2293,4
2294,4
2295,4
2296,4
2297,4
2298,4
2299,4
2300,4
2301,4
2302,4
2303,4
2304,4
2305,4
2306,4
2307,4
2308,4
2309,4
2310,4
2311,4
2312,4
2313,4
2314,4
2315,4
2316,4
2317,4
2318,4
2319,4
2320,4
2321,4
2322,4
2323,4
2324,4
2325,4
2326,4
2327,4
2328,4
2329,4
2330,4
2331,4
2332,4
2333,4
2334,4
2335,4
2336,4
2337,4
2338,4
2339,4
2340,4
2341,4
2342,4
2343,4
2344,4
2345,4
2346,4
2347,4
2348,4
2349,4
2350,4
2351,4
2352,4
2353,4
2354,4
2355,4
2356,4
2357,4
2358,4
2359,4
2360,4
2361,4
2362,4
2363,4
2364,4
2365,4
2366,4
2367,4
2368,4
2369,4
2370,4
2371,4
2372,4
2373,4
2374,4
2375,4
2376,4
2377,4
2378,4
2379,4
2380,4
2381,4
2382,4
2383,4
2384,4
2385,4
2386,4
2387,4
2388,4
2389,4
2390,4
2391,4
2392,4
2393,4
2394,4
2395,4
2396,4
2397,4
2398,4
2399,4
2400,4
2401,4
2402,4
2403,4
2404,4
2405,4
2406,4
2407,4
2408,4
2409,4
2410,4
2411,4
2412,4
2413,4
2414,4
2415,4
2416,4
2417,4
2418,4
2419,4
2420,4
2421,4
2422,4
2423,4
2424,4
2425,4
2426,4
2427,4
2428,4
2429,4
2430,4
2431,4
2432,4
2433,4
2434,4
2435,4
2436,4
2437,4
2438,4
2439,4
2440,4
2441,4
2442,4
2443,4
2444,4
2445,4
2446,4
2447,4
2448,4
2449,4
2450,4
2451,4
2452,4
2453,4
2454,4
2455,4
2456,4
2457,4
2458,4
2459,4
2460,4
2461,4
2462,4
2463,4
2464,4
2465,4
2466,4
2467,4
2468,4
2469,4
2470,4
2471,4
2472,4
2473,4
2474,4
2475,4
2476,4
2477,4
2478,4
2479,4
2480,4
2481,4
2482,4
2483,4
2484,4
2485,4
2486,4
2487,4
2488,4
2489,4
2490,4
2491,4
2492,4
2493,4
2494,4
2495,4
2496,4
2497,4
2498,4
2499,4
2500,4
2501,4
2502,4
2503,4
2504,4
2505,4
2506,5
2507,5
2508,5
2509,5
2510,5
2511,5
2512,5
2513,5
2514,5
2515,5
2516,5
2517,5
2518,5
2519,5
2520,5
2521,5
2522,5
2523,5
2524,5
2525,5
2526,5
2527,5
2528,5
2529,5
2530,5
2531,5
2532,5
2533,5
2534,5
2535,5
2536,5
2537,5
2538,5
2539,5
2540,5
2541,5
2542,5
2543,5
2544,5
2545,5
2546,5
2547,5
2548,5
2549,5
2550,5
2551,5
2552,5
2553,5
2554,5
2555,5
2556,5
2557,5
2558,5
2559,5
2560,5
2561,5
2562,5
2563,5
2564,5
2565,5
2566,5
2567,5
2568,5
2569,5
2570,5
2571,5
2572,5
2573,5
2574,5
2575,5
2576,5
2577,5
2578,5
2579,5
2580,5
2581,5
2582,5
2583,5
2584,5
2585,5
2586,5
2587,5
2588,5
2589,5
2590,5
2591,5
2592,5
2593,5
2594,5
2595,5
2596,5
2597,5
2598,5
2599,5
2600,5
2601,5
2602,5
2603,5
2604,5
2605,5
2606,5
2607,5
2608,5
2609,5
2610,5
2611,5
2612,5
2613,5
2614,5
2615,5
2616,5
2617,5
2618,5
2619,5
2620,5
2621,5
2622,5
2623,5
2624,5
2625,5
2626,5
2627,5
2628,5
2629,5
2630,5
2631,5
2632,5
2633,5
2634,5
2635,5
2636,5
2637,5
2638,5
2639,5
2640,5
2641,5
2642,5
2643,5
2644,5
2645,5
2646,5
2647,5
2648,5
2649,5
2650,5
2651,5
2652,5
2653,5
2654,5
2655,5
2656,5
2657,5
2658,5
2659,5
2660,5
2661,5
2662,5
2663,5
2664,5
2665,5
2666,5
2667,5
2668,5
2669,5
2670,5
2671,5
2672,5
2673,5
2674,5
2675,5
2676,5
2677,5
2678,5
2679,5
2680,5
2681,5
2682,5
2683,5
2684,5
2685,5
2686,5
2687,5
2688,5
2689,5
2690,5
2691,5
2692,5
2693,5
2694,5
2695,5
2696,5
2697,5
2698,5
2699,5
2700,5
2701,5
2702,5
2703,5
2704,5
2705,5
2706,5
2707,5
2708,5
2709,5
2710,5
2711,5
2712,5
2713,5
2714,5
2715,5
2716,5
2717,5
2718,5
2719,5
2720,5
2721,5
2722,5
2723,5
2724,5
2725,5
2726,5
2727,5
2728,5
2729,5
2730,5
2731,5
2732,5
2733,5
2734,5
2735,5
2736,5
2737,5
2738,5
2739,5
2740,5
2741,5
2742,5
2743,5
2744,5
2745,5
2746,5
2747,5
2748,5
2749,5
2750,5
2751,5
2752,5
2753,5
2754,5
2755,5
2756,5
2757,5
2758,5
2759,5
2760,5
2761,5
2762,5
2763,5
2764,5
2765,5
2766,5
2767,5
2768,5
2769,5
2770,5
2771,5
2772,5
2773,5
2774,5
2775,5
2776,5
2777,5
2778,5
2779,5
2780,5
2781,5
2782,5
2783,5
2784,5
2785,5
2786,5
2787,5
2788,5
2789,5
2790,5
2791,5
2792,5
2793,5
2794,5
2795,5
2796,5
2797,5
2798,5
2799,5
2800,5
2801,5
2802,5
2803,5
2804,5
2805,5
2806,5
2807,5
2808,5
2809,5
2810,5
2811,5
2812,5
2813,5
2814,5
2815,5
2816,5
2817,5
2818,5
2819,5
2820,5
2821,5
2822,5
2823,5
2824,5
2825,5
2826,5
2827,5
2828,5
2829,5
2830,5
2831,5
2832,5
2833,5
2834,5
2835,5
2836,5
2837,5
2838,5
2839,5
2840,5
2841,5
2842,5
2843,5
2844,5
2845,5
2846,5
2847,5
2848,5
2849,5
2850,5
2851,5
2852,5
2853,5
2854,5
2855,5
2856,5
2857,5
2858,5
2859,5
2860,5
2861,5
2862,5
2863,5
2864,5
2865,5
2866,5
2867,5
2868,5
2869,5
2870,5
2871,5
2872,5
2873,5
2874,5
2875,5
2876,5
2877,5
2878,5
2879,5
2880,5
2881,5
2882,5
2883,5
2884,5
2885,5
2886,5
2887,5
2888,5
2889,5
2890,5
2891,5
2892,5
2893,5
2894,5
2895,5
2896,5
2897,5
2898,5
2899,5
2900,5
2901,5
2902,5
2903,5
2904,5
2905,5
2906,5
2907,5
2908,5
2909,5
2910,5
2911,5
2912,5
2913,5
2914,5
2915,5
2916,5
2917,5
2918,5
2919,5
2920,5
2921,5
2922,5
2923,5
2924,5
2925,5
2926,5
2927,5
2928,5
2929,5
2930,5
2931,5
2932,5
2933,5
2934,5
2935,5
2936,5
2937,5
2938,5
2939,5
2940,5
2941,5
2942,5
2943,5
2944,5
2945,5
2946,5
2947,5
2948,5
2949,5
2950,5
2951,5
2952,5
2953,5
2954,5
2955,5
2956,5
2957,5
2958,5
2959,5
2960,5
2961,5
2962,5
2963,5
2964,5
2965,5
2966,5
2967,5
2968,5
2969,5
2970,5
2971,5
2972,5
2973,5
2974,5
2975,5
2976,5
2977,5
2978,5
2979,5
2980,5
2981,5
2982,5
2983,5
2984,5
2985,5
2986,5
2987,5
2988,5
2989,5
2990,5
2991,5
2992,5
2993,5
2994,5
2995,5
2996,5
2997,5
2998,5
2999,5
3000,5
2000,2
1999,2
1998,2
1997,1
1996,2
1995,2
1994,1
1993,1
1992,1
1991,2
1990,2
1989,1
1988,1
1987,2
1986,1
1985,1
1984,2
1983,1
1982,2
1981,1
1980,2
1979,2
1978,1
1977,2
1976,2
1975,2
1974,1
1973,1
1972,1
1971,1
1970,2
1969,1
1968,2
1967,1
1966,1
1965,2
1964,2
1963,2
1962,2
1961,2
1960,1
1959,1
1958,2
1957,1
1956,1
1955,1
1954,2
1953,2
1952,2
1951,1
1950,2
1949,2
1948,1
1947,2
1946,1
1945,2
1944,2
1943,2
1942,2
1941,1
1940,2
1939,2
1938,1
1937,2
1936,2
1935,1
1934,1
1933,2
1932,2
1931,1
1930,1
1929,2
1928,2
1927,1
1926,1
1925,1
1924,1
1923,1
1922,2
1921,2
1920,1
1919,1
1918,1
1917,1
1916,2
1915,1
1914,2
1913,1
1912,2
1911,1
1910,2
1909,1
1908,1
1907,1
1906,2
1905,2
1904,2
1903,2
1902,2
1901,2
1900,2
1899,2
1898,2
1897,2
1896,2
1895,1
1894,2
1893,1
1892,2
1891,1
1890,2
1889,1
1888,2
1887,2
1886,2
1885,2
1884,1
1883,2
1882,1
1881,1
1880,1
1879,2
1878,2
1877,1
1876,1
1875,2
1874,2
1873,1
1872,2
1871,2
1870,1
1869,1
1868,1
1867,1
1866,2
1865,2
1864,1
1863,1
1862,2
1861,1
1860,1
1859,2
1858,1
1857,1
1856,1
1855,1
1854,2
1853,2
1852,1
1851,2
1850,2
1849,2
1848,1
1847,2
1846,1
1845,1
1844,1
1843,2
1842,1
1841,1
1840,2
1839,1
1838,1
1837,1
1836,1
1835,2
1834,2
1833,2
1832,1
1831,1
1830,1
1829,2
1828,1
1827,1
1826,2
1825,2
1824,2
1823,1
1822,2
1821,1
1820,2
1819,2
1818,2
1817,2
1816,2
1815,2
1814,1
1813,2
1812,2
1811,2
1810,1
1809,1
1808,2
1807,1
1806,1
1805,2
1804,2
1803,1
1802,2
1801,2
1800,2
1799,2
1798,1
1797,2
1796,2
1795,2
1794,2
1793,2
1792,2
1791,2
1790,1
1789,2
1788,2
1787,1
1786,1
1785,1
1784,2
1783,1
1782,2
1781,1
1780,1
1779,1
1778,2
1777,1
1776,1
1775,2
1774,2
1773,1
1772,1
1771,1
1770,2
1769,2
1768,2
1767,2
1766,1
1765,1
1764,2
1763,2
1762,1
1761,2
1760,1
1759,2
1758,2
1757,1
1756,2
1755,2
1754,2
1753,2
1752,1
1751,2
1750,1
1749,2
1748,2
1747,1
1746,1
1745,2
1744,1
1743,1
1742,2
1741,1
1740,2
1739,2
1738,2
1737,1
1736,2
1735,1
1734,1
1733,2
1732,2
1731,1
1730,1
1729,1
1728,2
1727,2
1726,1
1725,1
1724,1
1723,1
1722,2
1721,2
1720,2
1719,1
1718,2
1717,2
1716,1
1715,1
1714,2
1713,1
1712,1
1711,1
1710,1
1709,1
1708,2
1707,2
1706,2
1705,1
1704,1
1703,2
1702,2
1701,1
1700,1
1699,1
1698,2
1697,1
1696,2
1695,2
1694,1
1693,1
1692,1
1691,1
1690,2
1689,2
1688,1
1687,2
1686,2
1685,2
1684,2
1683,1
1682,2
1681,2
1680,1
1679,2
1678,1
1677,1
1676,1
1675,2
1674,2
1673,1
1672,2
1671,2
1670,1
1669,2
1668,1
1667,1
1666,1
1665,2
1664,2
1663,1
1662,2
1661,2
1660,2
1659,2
1658,1
1657,1
1656,2
1655,1
1654,2
1653,1
1652,2
1651,1
1650,1
1649,1
1648,1
1647,2
1646,2
1645,2
1644,2
1643,1
1642,1
1641,1
1640,1
1639,1
1638,1
1637,1
1636,1
1635,1
1634,1
1633,1
1632,1
1631,2
1630,2
1629,1
1628,2
1627,1
1626,1
1625,1
1624,2
1623,2
1622,2
1621,1
1620,1
1619,1
1618,2
1617,1
1616,1
1615,2
1614,1
1613,2
1612,1
1611,2
1610,1
1609,1
1608,1
1607,1
1606,2
1605,2
1604,2
1603,2
1602,1
1601,1
1600,1
1599,2
1598,1
1597,1
1596,1
1595,2
1594,2
1593,2
1592,1
1591,2
1590,2
1589,2
1588,1
1587,2
1586,2
1585,1
1584,2
1583,1
1582,1
1581,1
1580,1
1579,1
1578,2
1577,2
1576,1
1575,1
1574,1
1573,2
1572,1
1571,1
1570,2
1569,2
1568,2
1567,1
1566,1
1565,2
1564,2
1563,2
1562,2
1561,1
1560,2
1559,1
1558,1
1557,1
1556,2
1555,2
1554,1
1553,1
1552,1
1551,1
1550,2
1549,2
1548,2
1547,2
1546,2
1545,2
1544,1
1543,1
1542,2
1541,1
1540,2
1539,1
1538,2
1537,1
1536,2
1535,2
1534,2
1533,1
1532,1
1531,2
1530,1
1529,2
1528,1
1527,2
1526,2
1525,2
1524,2
1523,1
1522,1
1521,2
1520,2
1519,1
1518,2
1517,2
1516,2
1515,1
1514,1
1513,1
1512,1
1511,1
1510,1
1509,1
1508,2
1507,1
1506,2
1505,1
1504,2
1503,1
1502,2
1501,1
1500,1
1499,1
1498,1
1497,1
1496,2
1495,1
1494,2
1493,2
1492,2
1491,1
1490,2
1489,1
1488,1
1487,2
1486,2
1485,2
1484,1
1483,1
1482,2
1481,1
1480,1
1479,1
1478,1
1477,2
1476,1
1475,2
1474,2
1473,1
1472,1
1471,1
1470,1
1469,1
1468,1
1467,1
1466,1
1465,1
1464,1
1463,2
1462,1
1461,1
1460,2
1459,2
1458,1
1457,1
1456,2
1455,2
1454,2
1453,2
1452,1
1451,1
1450,1
1449,1
1448,2
1447,2
1446,2
1445,1
1444,1
1443,1
1442,2
1441,2
1440,1
1439,1
1438,1
1437,1
1436,1
1435,1
1434,1
1433,1
1432,2
1431,1
1430,1
1429,1
1428,1
1427,1
1426,2
1425,2
1424,1
1423,1
1422,2
1421,2
1420,1
1419,1
1418,1
1417,2
1416,1
1415,1
1414,1
1413,2
1412,2
1411,1
1410,2
1409,1
1408,2
1407,2
1406,2
1405,1
1404,1
1403,1
1402,1
1401,2
1400,1
1399,1
1398,2
1397,2
1396,1
1395,1
1394,1
1393,1
1392,2
1391,2
1390,1
1389,1
1388,1
1387,1
1386,1
1385,1
1384,2
1383,1
1382,1
1381,1
1380,2
1379,2
1378,2
1377,1
1376,2
1375,2
1374,2
1373,1
1372,2
1371,2
1370,1
1369,1
1368,2
1367,2
1366,1
1365,1
1364,2
1363,1
1362,2
1361,1
1360,1
1359,1
1358,2
1357,2
1356,2
1355,1
1354,2
1353,2
1352,2
1351,1
1350,2
1349,2
1348,2
1347,2
1346,1
1345,2
1344,1
1343,1
1342,1
1341,1
1340,2
1339,2
1338,1
1337,2
1336,1
1335,1
1334,2
1333,1
1332,1
1331,2
1330,2
1329,2
1328,2
1327,1
1326,1
1325,1
1324,2
1323,1
1322,1
1321,2
1320,1
1319,1
1318,2
1317,2
1316,1
1315,1
1314,1
1313,1
1312,2
1311,1
1310,1
1309,2
1308,2
1307,2
1306,2
1305,2
1304,1
1303,2
1302,1
1301,2
1300,2
1299,1
1298,2
1297,1
1296,2
1295,2
1294,1
1293,2
1292,1
1291,2
1290,2
1289,1
1288,2
1287,2
1286,1
1285,1
1284,2
1283,2
1282,2
1281,2
1280,1
1279,2
1278,2
1277,2
1276,1
1275,1
1274,2
1273,1
1272,2
1271,1
1270,2
1269,2
1268,2
1267,1
1266,2
1265,2
1264,2
1263,1
1262,1
1261,1
1260,1
1259,1
1258,2
1257,1
1256,2
1255,1
1254,1
1253,2
1252,5
1251,4
1250,5
1249,4
1248,4
1247,5
1246,5
1245,4
1244,5
1243,5
1242,4
1241,4
1240,4
1239,5
1238,4
1237,4
1236,4
1235,4
1234,5
1233,5
1232,4
1231,4
1230,5
1229,4
1228,5
1227,4
1226,4
1225,5
1224,4
1223,5
1222,5
1221,4
1220,5
1219,4
1218,4
1217,5
1216,4
1215,4
1214,5
1213,4
1212,5
1211,5
1210,5
1209,4
1208,5
1207,5
1206,5
1205,4
1204,4
1203,4
1202,5
1201,5
1200,4
1199,4
1198,4
1197,4
1196,4
1195,4
1194,5
1193,5
1192,4
1191,4
1190,4
1189,5
1188,5
1187,5
1186,5
1185,5
1184,5
1183,5
1182,5
1181,4
1180,4
1179,5
1178,5
1177,5
1176,5
1175,4
1174,4
1173,4
1172,5
1171,4
1170,4
1169,5
1168,4
1167,4
1166,4
1165,4
1164,5
1163,4
1162,5
1161,4
1160,5
1159,5
1158,5
1157,5
1156,5
1155,4
1154,4
1153,4
1152,4
1151,4
1150,4
1149,5
1148,4
1147,4
1146,4
1145,5
1144,4
1143,4
1142,4
1141,5
1140,5
1139,5
1138,4
1137,4
1136,5
1135,5
1134,5
1133,4
1132,5
1131,5
1130,5
1129,5
1128,4
1127,4
1126,4
1125,4
1124,4
1123,4
1122,5
1121,4
1120,5
1119,4
1118,4
1117,5
1116,4
1115,4
1114,4
1113,4
1112,4
1111,4
1110,4
1109,5
1108,4
1107,4
1106,5
1105,5
1104,4
1103,5
1102,4
1101,4
1100,4
1099,4
1098,4
1097,5
1096,4
1095,5
1094,5
1093,4
1092,4
1091,4
1090,4
1089,5
1088,5
1087,4
1086,5
1085,4
1084,4
1083,4
1082,5
1081,5
1080,4
1079,4
1078,4
1077,4
1076,5
1075,4
1074,4
1073,4
1072,5
1071,5
1070,4
1069,4
1068,4
1067,4
1066,5
1065,5
1064,5
1063,4
1062,5
1061,4
1060,5
1059,5
1058,4
1057,4
1056,5
1055,4
1054,5
1053,4
1052,4
1051,5
1050,5
1049,4
1048,5
1047,4
1046,5
1045,4
1044,4
1043,5
1042,5
1041,5
1040,4
1039,5
1038,5
1037,4
1036,5
1035,5
1034,5
1033,4
1032,5
1031,4
1030,5
1029,5
1028,4
1027,5
1026,5
1025,5
1024,5
1023,4
1022,5
1021,4
1020,5
1019,4
1018,5
1017,4
1016,5
1015,5
1014,4
1013,5
1012,5
1011,4
1010,4
1009,4
1008,4
1007,4
1006,5
1005,5
1004,4
1003,5
1002,5
1001,5
1000,4
999,4
998,5
997,4
996,5
995,5
994,4
993,4
992,5
991,4
990,5
989,4
988,5
987,4
986,4
985,4
984,5
983,5
982,4
981,5
980,4
979,5
978,5
977,4
976,5
975,4
974,4
973,5
972,4
971,4
970,5
969,5
968,4
967,4
966,4
965,4
964,4
963,4
962,4
961,4
960,5
959,4
958,4
957,4
956,4
955,5
954,5
953,4
952,4
951,4
950,5
949,4
948,4
947,4
946,4
945,4
944,4
943,5
942,5
941,4
940,5
939,5
938,4
937,4
936,4
935,5
934,4
933,4
932,4
931,5
930,4
929,5
928,5
927,4
926,4
925,5
924,4
923,5
922,4
921,4
920,4
919,5
918,4
917,4
916,5
915,4
914,5
913,5
912,5
911,4
910,5
909,5
908,5
907,5
906,5
905,5
904,4
903,4
902,4
901,5
900,4
899,5
898,4
897,5
896,5
895,4
894,5
893,5
892,5
891,5
890,5
889,4
888,5
887,5
886,5
885,4
884,4
883,4
882,5
881,5
880,5
879,4
878,5
877,4
876,4
875,5
874,4
873,5
872,4
871,4
870,5
869,4
868,4
867,5
866,5
865,5
864,4
863,5
862,5
861,5
860,5
859,4
858,5
857,4
856,4
855,4
854,4
853,5
852,4
851,4
850,4
849,4
848,5
847,5
846,5
845,4
844,5
843,5
842,4
841,4
840,5
839,5
838,4
837,5
836,5
835,4
834,4
833,5
832,4
831,5
830,4
829,4
828,4
827,5
826,5
825,4
824,4
823,5
822,5
821,5
820,4
819,4
818,5
817,5
816,5
815,4
814,4
813,4
812,5
811,5
810,5
809,4
808,5
807,5
806,4
805,4
804,5
803,5
802,5
801,5
800,4
799,4
798,4
797,5
796,4
795,4
794,5
793,4
792,5
791,5
790,5
789,5
788,4
787,4
786,4
785,4
784,5
783,4
782,4
781,4
780,5
779,5
778,5
777,4
776,4
775,5
774,4
773,5
772,5
771,4
770,5
769,4
768,5
767,4
766,4
765,4
764,4
763,4
762,5
761,5
760,4
759,4
758,4
757,4
756,5
755,5
754,5
753,4
752,5
751,5
750,4
749,5
748,4
747,4
746,4
745,4
744,5
743,4
742,4
741,5
740,5
739,4
738,5
737,5
736,4
735,4
734,4
733,5
732,5
731,4
730,5
729,5
728,5
727,4
726,5
725,5
724,5
723,5
722,5
721,4
720,4
719,5
718,4
717,5
716,4
715,5
714,4
713,5
712,5
711,4
710,4
709,4
708,4
707,4
706,4
705,4
704,4
703,5
702,4
701,5
700,5
699,4
698,5
697,5
696,4
695,5
694,5
693,5
692,5
691,5
690,4
689,4
688,5
687,5
686,5
685,4
684,5
683,5
682,5
681,4
680,4
679,4
678,5
677,5
676,5
675,4
674,5
673,5
672,4
671,5
670,5
669,5
668,5
667,5
666,5
665,4
664,4
663,4
662,5
661,4
660,4
659,5
658,4
657,4
656,4
655,4
654,4
653,5
652,5
651,5
650,5
649,4
648,4
647,4
646,4
645,4
644,5
643,5
642,5
641,5
640,4
639,4
638,4
637,4
636,4
635,5
634,5
633,4
632,5
631,5
630,5
629,5
628,5
627,5
626,4
625,4
624,5
623,4
622,4
621,5
620,5
619,4
618,5
617,4
616,4
615,4
614,4
613,4
612,5
611,4
610,4
609,4
608,4
607,5
606,4
605,4
604,4
603,5
602,4
601,5
600,5
599,4
598,4
597,5
596,5
595,4
594,5
593,4
592,4
591,4
590,4
589,5
588,5
587,5
586,5
585,4
584,5
583,5
582,5
581,5
580,4
579,4
578,4
577,5
576,4
575,5
574,4
573,5
572,4
571,4
570,4
569,5
568,5
567,5
566,4
565,5
564,4
563,5
562,4
561,4
560,4
559,4
558,5
557,5
556,5
555,5
554,5
553,5
552,4
551,4
550,4
549,5
548,4
547,4
546,4
545,5
544,4
543,4
542,5
541,4
540,4
539,4
538,5
537,5
536,4
535,4
534,5
533,4
532,5
531,5
530,5
529,5
528,5
527,4
526,5
525,4
524,4
523,4
522,4
521,4
520,4
519,4
518,5
517,5
516,4
515,4
514,4
513,5
512,4
511,5
510,4
509,4
508,4
507,5
506,4
505,5
504,4
503,4
502,4
501,5
500,4
499,5
498,4
497,4
496,5
495,5
494,4
493,5
492,5
491,4
490,5
489,4
488,5
487,5
486,4
485,4
484,5
483,5
482,5
481,4
480,5
479,5
478,4
477,4
476,5
475,4
474,5
473,5
472,5
471,4
470,4
469,4
468,5
467,4
466,4
465,4
464,4
463,5
462,4
461,4
460,4
459,4
458,5
457,4
456,4
455,4
454,5
453,5
452,5
451,4
450,4
449,4
448,4
447,5
446,5
445,4
444,5
443,4
442,5
441,5
440,5
439,4
438,4
437,4
436,4
435,4
434,4
433,4
432,4
431,4
430,5
429,5
428,5
427,5
426,4
425,4
424,4
423,5
422,5
421,4
420,4
419,4
418,4
417,5
416,5
415,4
414,5
413,5
412,5
411,5
410,5
409,4
408,4
407,4
406,5
405,4
404,4
403,4
402,4
401,5
400,4
399,5
398,4
397,5
396,4
395,4
394,4
393,4
392,4
391,5
390,5
389,4
388,4
387,4
386,4
385,5
384,4
383,5
382,4
381,5
380,4
379,4
378,5
377,4
376,4
375,4
374,4
373,5
372,5
371,5
370,4
369,5
368,5
367,4
366,5
365,4
364,4
363,4
362,5
361,4
360,5
359,4
358,5
357,5
356,4
355,4
354,4
353,4
352,5
351,4
350,5
349,5
348,5
347,5
346,4
345,5
344,4
343,4
342,5
341,4
340,4
339,4
338,4
337,5
336,4
335,5
334,5
333,4
332,5
331,5
330,4
329,5
328,4
327,4
326,4
325,4
324,4
323,4
322,4
321,5
320,5
319,4
318,5
317,5
316,5
315,4
314,5
313,4
312,4
311,5
310,5
309,4
308,4
307,4
306,4
305,5
304,5
303,5
302,5
301,5
300,4
299,5
298,4
297,4
296,5
295,4
294,5
293,5
292,4
291,4
290,5
289,4
288,4
287,4
286,5
285,5
284,5
283,5
282,5
281,4
280,5
279,4
278,5
277,5
276,4
275,4
274,4
273,5
272,4
271,4
270,5
269,4
268,4
267,4
266,5
265,4
264,5
263,4
262,5
261,4
260,4
259,4
258,5
257,4
256,4
255,4
254,4
253,5
252,5
251,4
250,4
249,5
248,4
247,4
246,5
245,4
244,4
243,5
242,5
241,4
240,4
239,5
238,4
237,4
236,5
235,5
234,4
233,5
232,4
231,4
230,5
229,5
228,4
227,4
226,4
225,5
224,5
223,4
222,5
221,5
220,5
219,4
218,4
217,4
216,5
215,4
214,4
213,5
212,5
211,4
210,5
209,4
208,4
207,4
206,4
205,5
204,4
203,4
202,5
201,4
200,5
199,5
198,5
197,5
196,5
195,4
194,4
193,4
192,4
191,5
190,5
189,4
188,4
187,5
186,5
185,4
184,4
183,5
182,4
181,4
180,4
179,4
178,5
177,5
176,4
175,4
174,4
173,4
172,4
171,4
170,5
169,4
168,4
167,4
166,4
165,4
164,4
163,4
162,5
161,4
160,4
159,5
158,4
157,5
156,5
155,5
154,4
153,4
152,5
151,5
150,5
149,5
148,4
147,5
146,4
145,4
144,4
143,4
142,4
141,5
140,4
139,4
138,5
137,5
136,5
135,5
134,5
133,4
132,5
131,4
130,4
129,4
128,5
127,5
126,5
125,4
124,4
123,5
122,4
121,5
120,4
119,5
118,4
117,4
116,4
115,4
114,5
113,4
112,4
111,4
110,4
109,5
108,4
107,4
106,5
105,4
104,5
103,4
102,4
101,4
100,4
99,5
98,4
97,4
96,5
95,4
94,5
93,5
92,4
91,4
90,4
89,4
88,4
87,5
86,4
85,4
84,5
83,4
82,5
81,5
80,5
79,5
78,4
77,5
76,5
75,5
74,5
73,5
72,4
71,5
70,5
69,5
68,5
67,5
66,5
65,5
64,4
63,5
62,4
61,4
60,4
59,5
58,4
57,4
56,4
55,5
54,4
53,5
52,4
51,4
50,5
49,4
48,4
47,5
46,4
45,4
44,4
43,5
42,4
41,4
40,4
39,4
38,4
37,5
36,5
35,5
34,5
33,4
32,5
31,5
30,5
29,5
28,5
27,5
26,4
25,5
24,5
23,4
22,4
21,5
20,5
19,4
18,4
17,5
16,4
15,5
14,5
13,5
12,4
11,5
10,5
9,5
8,5
7,4
6,5
5,5
4,4
3,5
2,4
1,4